company_name,company_url
株式会社アクロビジョン,https://www.acrovision.jp/
株式会社デザインネットワーク,https://www.design-network.co.jp/
株式会社メイテックフィルダーズ,https://www.m-fielders.co.jp/
株式会社テクノプロ　テクノプロ・デザイン社,https://www.technopro.com/design/
株式会社スタッフサービス　エンジニアリング事業本部,https://www.staffservice-engineering.jp/
ネプラス株式会社,https://www.neplus.jp/
株式会社テクノプロ　テクノプロ・デザイン社,https://www.technopro.com/design/
株式会社メイテック,http://recruit.meitec.co.jp/mt/career/
株式会社リクルートＲ＆Ｄスタッフィング,https://www.recruit-rds.co.jp/
株式会社夢テクノロジー,https://www.yumeteku.jp/?utm_source=mae&utm_medium=bt
株式会社テクノプロ　テクノプロ・ＩＴ社,https://technopro.com/it/rec_c/
株式会社テクノプロ　テクノプロ・ＩＴ社,https://technopro.com/it/rec_c/
株式会社システムアイ,http://www.systemi.co.jp/
AJ・Flat株式会社,https://ajflat.co.jp/
株式会社リクルートＲ＆Ｄスタッフィング,https://www.recruit-rds.co.jp/
ＮＴＴ東日本グループ会社【合同募集】,
株式会社SHIFT,https://www.shiftinc.jp/
UTエイム株式会社,http://www.ut-aim.co.jp/
株式会社ビーネックステクノロジーズ,https://www.benextgroup.net/bnt/career_engineer
株式会社リクルートＲ＆Ｄスタッフィング,https://www.recruit-rds.co.jp/
株式会社スタッフサービス　エンジニアリング事業本部,https://www.staffservice-engineering.jp/
株式会社スタッフサービス　エンジニアリング事業本部,https://www.staffservice-engineering.jp/
株式会社ウイルテック,https://www.willtec.jp/
株式会社ウェム,https://www.vv-e-nn.com/
株式会社ビーネックステクノロジーズ,https://www.benextgroup.net/bnt/career_engineer
Modis株式会社,https://www.modis.co.jp/
株式会社ココロザシ,https://kokorozashi-japan.co.jp/
株式会社第一コンピュータリソース,http://www.dcr.co.jp/
アンドロボティクス株式会社,http://androbo.jp/
日本アイ・ビー・エムデジタルサービス株式会社,https://www.ibm.com/jp-ja/about/subsidiaries/ijds
株式会社メイテックフィルダーズ,https://www.m-fielders.co.jp/
株式会社DAN,https://dan-inc.jp/
株式会社SHIFT,https://www.shiftinc.jp/
ラーニンギフト株式会社,https://learningift.com/
マッチスル株式会社,https://matchsul.com/
アルファテクノロジー株式会社,https://alphatc.co.jp/
株式会社ワールドインテック　テクノ・SI事業本部,https://www.witc.co.jp/
株式会社エル・フィールド,https://www.lfield.co.jp/recruit/
株式会社ワールドインテック　テクノ・SI事業本部,https://www.witc.co.jp/
株式会社　日立製作所,http://www.hitachi.co.jp/recruit/
株式会社テクノプロ　テクノプロ・R&D社,http://www.technopro.com/rd/
CLINKS株式会社,http://www.clinks.jp/
株式会社ワーキテクノ,https://si.wa-ki.jp/
株式会社アナハイム・テクノロジー,https://www.ah-tech.net/
株式会社アイディエス,http://www.idsma.com/index.html
株式会社ジェイ・ソフト,https://www.j-soft.co.jp/
株式会社ウイングノア,https://www.wingnoah.co.jp/
株式会社アスケイド,http://www.ascade.co.jp
株式会社アーシャルデザイン,https://www.a-cial.com/
フィラーシステムズ株式会社,https://www.fsz.co.jp/
株式会社パナＲ＆Ｄ,https://www.panard.co.jp/
株式会社アーシャルデザイン,https://www.a-cial.com/
アルテンジャパン株式会社,https://www.alten-japan.com/
株式会社エクスエルシステムズ,https://www.xlsystems.net/
キャレット合同会社,https://caretllc.com/
株式会社アイエスエフネット,https://www.isfnet.co.jp/index.html
株式会社CSS-consulting,https://www.css-c.co.jp/
株式会社アーシャルデザイン,https://www.a-cial.com/
株式会社アーシャルデザイン,https://www.a-cial.com/
株式会社シーフォース,https://www.c-force-corp.co.jp/
フロッグウェル株式会社,https://www.frogwell.co.jp/
アロックス株式会社,http://alox.jp/index.html
株式会社サンデリカ,http://www.sundelica.co.jp
ポールトゥウィン株式会社,https://www.ptw.inc/
株式会社アイ・ディ・エイチ,https://www.idh-net.co.jp/careers/careers
株式会社ソラスト 医療事業本部  医療DX推進部,https://www.solasto.co.jp/index.html
株式会社コントロールテクノロジー,https://tech.controlgroup.jp/
株式会社DAN,https://dan-inc.jp/
ソニーセミコンダクタマニュファクチャリング株式会社,https://recruiting-site.jp/s/sony-semicon-manufacturing
株式会社 POCKETS,http://www.pckts.jp/
株式会社メイテック,http://recruit.meitec.co.jp/mt/career/
株式会社テレコムリサーチ,http://www.tlcm.jp/
デロイト トーマツ アクト株式会社　,https://www2.deloitte.com/jp/ja/pages/about-deloitte/articles/dtc/dt-akt.html
スイングバイテクノロジー株式会社,https://swingbytech.co.jp/
株式会社アスパーク,https://www.aspark.co.jp/
株式会社DAN,https://dan-inc.jp/
株式会社はばたーく,https://www.haveatalk.jp/
キャッスルコンピューター株式会社,http://www.castlecomputer.co.jp/
エリクソン・ジャパン株式会社　,https://www.ericsson.com/jp/ja/about-us/japan
エリクソン・ジャパン株式会社　,https://www.ericsson.com/jp/ja/about-us/japan
株式会社東日本技術研究所,https://www.tounichi-g.co.jp/
辰巳電子工業株式会社,https://www.tatsu-mi.co.jp/
デロイト トーマツ アクト株式会社　,https://www2.deloitte.com/jp/ja/pages/about-deloitte/articles/dtc/dt-akt.html
株式会社ラバーソウル,https://rubber-soul.jp.net/
株式会社アイトラスティ,
株式会社エムアイティージャパン,
丸大堀内株式会社  みやぎ支店,https://www.marudai-g.co.jp/
ラダーシステム株式会社,http://laddersystem.co.jp/
株式会社マイクロマジック,http://www.micromagic.co.jp/
ニューデジタルケーブル株式会社,http://www.newdc.co.jp/corp_outline.html
株式会社ライコン,https://licon-iiis.com/
パールナレッジ株式会社,http://pearlknowledge.jp/
株式会社テクノプロ　テクノプロ・R&D社,http://www.technopro.com/rd/
アドアトランティック株式会社,
株式会社テクノプロ　テクノプロ・R&D社,http://www.technopro.com/rd/
株式会社テクノプロ　テクノプロ・R&D社,http://www.technopro.com/rd/
株式会社テクノプロ　テクノプロ・R&D社,http://www.technopro.com/rd/
株式会社アイビス,https://i-bis.jp/
株式会社テクノプロ　テクノプロ・R&D社,http://www.technopro.com/rd/
株式会社メンバーズ,
株式会社ヒューマネクス,
株式会社アンドパッド,
株式会社メンバーズ,
東京エレクトロン宮城株式会社,
株式会社メンバーズ,
株式会社ｍａｎａｂｙ,
株式会社メンバーズ,
株式会社アンドパッド,
株式会社システムロード,
株式会社システムロード,
株式会社メンバーズ,
株式会社アンドパッド,
株式会社アドグローブ,
株式会社ダイブ,
東洋ワークグループ株式会社,
株式会社リクルートスタッフィング,
株式会社リクルートスタッフィング,
株式会社Ｊｕｓｔ．Ａｓｓｉｓｔ,
株式会社大塚商会,
株式会社トライトキャリア,
株式会社オール,
株式会社アイキューブドシステムズ,
株式会社スタッフサービス,
株式会社シグマソリューションズ,
東日本ＮＳソリューションズ株式会社,
トーカドエナジー株式会社,
ＴＤＩシステムサービス株式会社,
株式会社シグマソリューションズ,
東日本ＮＳソリューションズ株式会社,
ＪＣＯＭ株式会社,
株式会社ビーイング,
株式会社ビーイング,
東日本ＮＳソリューションズ株式会社,
東日本ＮＳソリューションズ株式会社,
グレープシティ株式会社,
株式会社スタッフサービス,
株式会社アステム,
株式会社デザインネットワーク,
ＮＥＣネッツエスアイ株式会社,
株式会社ＥｌｅｖａｔｉｏｎＳｐａｃｅ,
株式会社ＥｌｅｖａｔｉｏｎＳｐａｃｅ,
株式会社ＥｌｅｖａｔｉｏｎＳｐａｃｅ,
株式会社デザインネットワーク,
株式会社ジェイテック,
株式会社アシスト,
デンタルシステムズ株式会社,
株式会社ワールドインテック,
株式会社ビー・プロ,
サイバーコム株式会社,
サイバーコム株式会社,
サイバーコム株式会社,
サイバーコム株式会社,
サイバーコム株式会社,
株式会社キタセキ,
日研トータルソーシング株式会社,
株式会社デザインネットワーク,
株式会社ジェイマックシステム,
グレープシティ株式会社,
グレープシティ株式会社,
新日本テクノカーボン株式会社,
株式会社メイテックフィルダーズ,
株式会社メイテックフィルダーズ,
株式会社メイテックフィルダーズ,
株式会社栗菱コンピューターズ,
株式会社ブレーンナレッジシステムズ,
株式会社ブレーンナレッジシステムズ,
株式会社ブレーンナレッジシステムズ,
株式会社ブレーンナレッジシステムズ,
株式会社トリニティ,
株式会社メンバーズ,
株式会社メイテック,
株式会社アンドパッド,
株式会社メイテック,
株式会社アイエスエフネット,
株式会社両毛システムズ,
株式会社メイテックフィルダーズ,
株式会社アンドパッド,
株式会社フィーリスト,
株式会社アドグローブ,
アイリスオーヤマ株式会社,
スマカン株式会社,
株式会社ＮＴＴ東日本－東北,
オータス株式会社,
株式会社フライトシステムコンサルティング,
株式会社フライトシステムコンサルティング,
株式会社パナＲ＆Ｄ,
株式会社ワイヤードビーンズ,
株式会社テンダ,
ＮＥＣフィールディング株式会社,
株式会社メディカル情報サービス,
日本調剤株式会社,
株式会社ソーリンク,
ＮＴＴデータ　ルウィーブ株式会社,
ＮＥＣフィールディング株式会社,
株式会社リード,
株式会社ｆｕｎａｋｕ,
コンピューターサイエンス株式会社,
コンピューターサイエンス株式会社,
株式会社テクノプロ,
株式会社テクノプロ,
株式会社テクノプロ,
株式会社テクノプロ,
株式会社テクノプロ,
グレープシティ株式会社,
株式会社高山,
株式会社ＢＴＭ,
株式会社アート・システム,
Ｓｋｙ株式会社,
Ｓｋｙ株式会社,
Ｓｋｙ株式会社,
Ｓｋｙ株式会社,
Ｓｋｙ株式会社,
Ｓｋｙ株式会社,
株式会社ミロク情報サービス,
株式会社ジェイマックシステム,
株式会社高山,
日本総合システム株式会社,
株式会社ファイブピット,
株式会社本山製作所,
凸版印刷株式会社,
凸版印刷株式会社,
凸版印刷株式会社,
